title,subreddit,time,num_comments
"TIL when the Nazis burned Sigmund Freud's books he said, ""What progress we are making. In the Middle Ages they would have burned me. Now, they are content with burning my books.""",todayilearned,1519077950.0,1277.0
The next Wayne Gretzky,gifs,1519080225.0,661.0
If I fits...,funny,1519078683.0,333.0
My girlfriend pressed her face in fresh snow,mildlyinteresting,1519079112.0,650.0
Mueller's interest in Kushner grows to include foreign financing efforts,politics,1519074200.0,969.0
Joel McHale says E! told him to lay off the Kardashians while hosting 'The Soup',television,1519073763.0,876.0
Wrong number,cringepics,1519072051.0,841.0
Roseanne Barr says Fergie's national anthem performance was worse than her 1990 rendition,nottheonion,1519072374.0,2424.0
Hockey skills with a hug,MadeMeSmile,1519069814.0,489.0
The Rock's stunt double is also his real-life cousin (Tanoai Reed),pics,1519077871.0,263.0
Wigan 1-0 Manchester City - Will Grigg,soccer,1519075972.0,627.0
"Japanese ""Reason for being""",interestingasfuck,1519068431.0,1600.0
Quokka Massage,aww,1519072195.0,116.0
When it wasn't a phone holder after all...,techsupportgore,1519068713.0,445.0
"The shuttle program cost $57,090 per kg to deliver payload to orbit. SpaceX's upcoming rocket, BFR, will drop that price to $47 per kilogram. We are at the dawn of a new era in terms of what is possible in space.",videos,1519067072.0,2184.0
One day Rick Astley will die and no one will click on the headline.,Showerthoughts,1519068552.0,1300.0
Monster Hunter World - Dual Blade Spine Attack,gaming,1519071141.0,403.0
Seems like we all lose in this situation.,BlackPeopleTwitter,1519069205.0,243.0
"[ART] My wizard was killed by a crit from Wyverns. The DM let me use one cantrip as they dragged me into the sky, so I cast message on my best friend.",DnD,1519070136.0,275.0
Man sues Microsoft seeking new copy of Windows 7 after forced Windows 10 upgrade,technology,1519065358.0,1215.0
Snow falling in Granville B.C.,outrun,1519069760.0,132.0
Greetings from Mordor,evilbuildings,1519075762.0,67.0
Cat-like reflexes,nonononoyes,1519063122.0,297.0
Got all 8! [A],perfectloops,1519066372.0,89.0
Anon listen to Led Zeppelin,greentext,1519067369.0,152.0
Does he have enough distance?,SweatyPalms,1519063291.0,488.0
LPT: Oldest friend doesn't always mean best friend. Don't feel obliged to be good friends with people you've known since school. We change a lot as we grow and it's ok if that means growing apart from people.,LifeProTips,1519075301.0,107.0
Hold My Redbull while I fly to the beach,holdmyredbull,1519063804.0,187.0
Rescued beaver gathering tools to build his dam,Eyebleach,1519057798.0,756.0
I feel bad... kind of,AdviceAnimals,1519061232.0,671.0
"No editing, just makeup",woahdude,1519057461.0,460.0
I want to delete his account.,iamverysmart,1519061259.0,1238.0
Germany and Canada tie for gold in olympic two-man bobsleigh,nevertellmetheodds,1519058213.0,360.0
I don‚Äôt really know what to say.,softwaregore,1519059041.0,340.0
Late valentine's day gift [LQ],DDLC,1519074008.0,150.0
My parents got a new pup. The old one accepted his new life as a chair,thisismylifenow,1519067889.0,21.0
"ELI5: How do movies get that distinctly ""movie"" look from the cameras?",explainlikeimfive,1519061106.0,1538.0
Dog found tied to tree with note attached to collar gets adopted,UpliftingNews,1519063436.0,493.0
MRW when I'm at the African American History Museum and I complain that the lower level is too tight and cramped but someone explains it symbolizes being packed in a ship during the early slave trade,reactiongifs,1519058675.0,773.0
"Klay, Lebron, Steph, and others react to Fergie's rendition of the National Anthem",nba,1519056967.0,1360.0
I‚Äôm embarrassed to admit I‚Äôve been in both situations...,Rainbow6,1519061140.0,228.0
"‚ÄúMove along, nothing to see here‚Äù",OSHA,1519067145.0,176.0
Bathing cats,instant_regret,1519057717.0,629.0
Stopped by a casino with $40 on me at lunch today.,pics,1519082643.0,418.0
‚í∫‚íπ‚íæ‚ìâ,surrealmemes,1519060223.0,117.0
"Madlad orders insane amount of soda, employee chucks it in the oven!",madlads,1519079819.0,24.0
Getting the day started the right way,oldpeoplefacebook,1519059484.0,298.0
Ryan Reynolds meeting with children from the Make-a-wish and Childrens Wish Foundations on the set of 'Deadpool 2'.,HumansBeingBros,1519055830.0,818.0
"The tables have turned, flat earthers!",dankmemes,1519056290.0,364.0
Premature celebration at its finest,Wellthatsucks,1519061458.0,112.0
Only a Russian puppet would downvote this picture of an American President on President's day,EnoughTrumpSpam,1519060188.0,984.0
"How to Celebrate Leslie David Baker‚Äôs 60th Birthday: buy a cake, get some candles, and shove it up your butt!",DunderMifflin,1519054878.0,356.0
"Experts rank Trump as worst president, Obama 8th best",politics,1519068919.0,3193.0
Petition seeks full honors military funeral for hero Florida JROTC student,news,1519056292.0,1228.0
HMB while I plank on top of a door,holdmybeer,1519060685.0,230.0
How Common Dental Procedures are done! [Pt. 1],educationalgifs,1519055712.0,491.0
This guy is impressive.,BetterEveryLoop,1519078897.0,27.0
simple nuts on faze [NSFW],GlobalOffensive,1519068879.0,234.0
Literally just Ewan McGregor thanking r/PrequelMemes at the 2020 Oscars,PrequelMemes,1519056372.0,100.0
Puss in socks,StoppedWorking,1519057735.0,173.0
üî• The Majestic Livingstone's Turaco üî•,NatureIsFuckingLit,1519052480.0,225.0
"How you can play new PS4 game God of War early... but there‚Äôs a catch | And that is you can‚Äôt. It‚Äôs not the new God of War, it‚Äôs not even a PS4 game. It‚Äôs just a GOW text based game on Facebook messenger.",savedyouaclick,1519061386.0,63.0
Doc inspired a fan,LivestreamFail,1519072333.0,301.0
IamA Disabled Little Person who just moved into an apt of my own!!! Wooo! Let's have some fun. AMA!,IAmA,1519067001.0,636.0
"Matt Hodges on Twitter: ""60% of voting-eligible Americans won't vote in the 2018 midterms. That doesn't have to include you! The primaries start in 15 days.""",BlueMidterm2018,1519056707.0,341.0
"Box Office Week: Black Panther smashes at #1 with $201M, making it the 2nd best MCU opening ever and the 5th best domestic opening overall. The film is also expected to gross $235M for the four-day weekend. Meanwhile, Early Man (#7, $3.1M) and Samson (#10, $1.9M) flop.",movies,1519057531.0,4497.0
Annoyingly wholesome couple Starterpack,starterpacks,1519053479.0,2026.0
Dog and kitten,AnimalsBeingBros,1519055786.0,99.0
Air quotes galore!,CrappyDesign,1519051573.0,361.0
What just happened?,IdiotsFightingThings,1519057050.0,225.0
If pronouncing my b's as v's makes me sound Russian...,Jokes,1519062397.0,142.0
woof_irl,woof_irl,1519053894.0,132.0
My derpy cat tapping at the camera,CatTaps,1519061934.0,50.0
The real heroes.,IASIP,1519067931.0,38.0
"I'm ashamed to admit that I didn't realize how dirty this swing was until my wife asked me to clean it. It's not painted green, that's just years of gunk.",powerwashingporn,1519051160.0,408.0
[IMAGE] Never underestimate the power of a second chance!,GetMotivated,1519055261.0,720.0
Sony releases mysterious teaser for its next phone.,gadgets,1519070721.0,439.0
Krabby O Mondays,BikiniBottomTwitter,1519052974.0,396.0
Microsoft Crowned One of the Most Ethical Companies in the World,xboxone,1519073169.0,203.0
My wife just texted me this picture of our cat playing behind the TV,funny,1519062377.0,762.0
"No, a Mother Isn‚Äôt in Jail Right Now Because She Baptized Her Daughter -- The father had full custody of the daughter.The mother took the daughter without permission, violating a court order.",atheism,1519051053.0,409.0
She makes this face for all belly rubs,WhatsWrongWithYourDog,1519065808.0,28.0
First revenge porn case won in UK!,TwoXChromosomes,1519058070.0,386.0
Anon solves a weird problem,4chan,1519051794.0,285.0
"After four runs, Canada and Germany tie for gold in the men's two man bobsled. The teams tied to the hundredth of a second.",sports,1519050071.0,1071.0
GoOd BoYe CoVeRdEd In BaLlS sErVEd FoR dINnEr.,PeopleFuckingDying,1519053169.0,112.0
"This image is 5 of the top 25, can we stop upvoting it? Thanks.",Frugal_Jerk,1519057106.0,247.0
"Man breaks thumb off $4,500,000 statue for memento, gets arrested",JusticeServed,1519068062.0,237.0
I just found this on Instagram. I figured y'all might enjoy this.,h3h3productions,1519056579.0,139.0
#candid,OopsDidntMeanTo,1519065183.0,68.0
"Oh, Andy...",PandR,1519051125.0,147.0
HMJB while I eat this cookie,holdmyjuicebox,1519059088.0,71.0
I built some high-end speakers,DIY,1519053240.0,703.0
When you're dumb and need to improvise,FortNiteBR,1519068497.0,89.0
Meüò¢irl,me_irl,1519058189.0,28.0
Interesting Model (compared to the CGI opening),freefolk,1519052176.0,203.0
M I N I M U M,PenmanshipPorn,1519074464.0,35.0
OOF,dankchristianmemes,1519051653.0,576.0
[Short Movie] A lone astronaut testing the first faster-than-light spacecraft travels farther than he imagined possible.,space,1519050501.0,1591.0
Ôº£ÔΩàÔΩèÔΩèÔΩìÔΩÖ ÔºπÔΩèÔΩïÔΩí Ôº¶ÔΩåÔΩÅÔΩñÔΩèÔΩïÔΩí,VaporwaveAesthetics,1519065607.0,51.0
